transaction_tbl,,,,,,,,,,,,borrower_tbl,,,,,,,staff_tbl,,,,,book_tbl,,,,,,,bookCopy_tbl,,,,,,transactionAuthor_tbl,
TransactionID,BorrowDate,DueDate,ReturnDate,BorrowerID,BookID,BookCondition,StaffID,Status,FineAmount,,,BorrowerID,BorrowerName,BorrowerType,ProgramOrDepartment,BorrowerEmail,,,StaffID,StaffName,,,,ISBN,Title,Category,Publisher,PublicationYear,,,BookID,ISBN,ShelfCode,,,,TransactionID,Author
T001,6/4/2026,20/04/2026,20/04/2026,M019,BK007,Good,S005,Returned,0,,,M019,Samuel Ong,Faculty,CS,samuel.ong@psu.edu.ph,,,S005,Grace Aquino,,,,9.78E+12,Database Design for Mere Mortals,Database Design,Addison-Wesley,2020,,,BK007,9.78E+12,DD-01-A,,,,T001,Michael J. Hernandez
T002,30/03/2026,13/04/2026,13/04/2026,M010,BK016,Good,S002,Returned,0,,,M010,Jasmine Navarro,Student,BSIT,jasmine.navarro@psu.edu.ph,,,S002,Jose Villanueva,,,,9.78E+12,Clean Code,Software Engineering,Prentice Hall,2008,,,BK016,9.78E+12,SE-01-A,,,,T002,Robert C. Martin
T003,5/5/2026,19/05/2026,22/05/2026,M018,BK012,Good,S002,Overdue,15,,,M018,Rhea Manalo,Faculty,IT,rhea.manalo@psu.edu.ph,,,S004,Mark Bautista,,,,9.78E+12,Introducing HTML5,Web Development,O'Reilly Media,2015,,,BK012,9.78E+12,WEB-01-A,,,,T003,Bruce Lawson 
T004,23/03/2026,6/4/2026,11/4/2026,M003,BK014,Good,S004,Overdue,25,,,M003,Carlo Mendoza,Student,BSCS,carlo.mendoza@psu.edu.ph,,,S003,Liza Fernandez,,,,9.78E+12,Java: The Complete Reference,Programming,McGraw-Hill,2020,,,BK014,9.78E+12,PROG-01-A,,,,T003,Remy Sharp
T005,4/3/2026,18/03/2026,21/03/2026,M009,BK013,Good,S004,Overdue,15,,,M009,Ivan Bautista,Student,BSIS,ivan.bautista@psu.edu.ph,,,S001,Maria Santos,,,,9.78E+12,JavaScript: The Definitive Guide,Programming,O'Reilly Media,2020,,,BK013,9.78E+12,PROG-03-A,,,,T004,Herbert Schildt
T006,29/01/2026,12/2/2026,,M015,BK007,Good,S005,Borrowed,0,,,M015,Oscar Fernandez,Student,BSCS,oscar.fernandez@psu.edu.ph,,,,,,,,9.78E+12,Database Systems: The Complete Book,Database Systems,Pearson,2019,,,BK001,9.78E+12,DB-01-A,,,,T005,David Flanagan
T007,29/05/2026,12/6/2026,12/6/2026,M012,BK001,Good,S003,Returned,0,,,M012,Leah Aquino,Student,BSIT,leah.aquino@psu.edu.ph,,,,,,,,9.78E+12,SQL Cookbook,SQL,O'Reilly Media,2020,,,BK006,9.78E+12,SQL-01-B,,,,T006,Michael J. Hernandez
T008,21/06/2026,12/7/2026,12/7/2026,M005,BK013,Fair,S003,Returned,0,,,M005,Ethan Garcia,Student,BSIS,ethan.garcia@psu.edu.ph,,,,,,,,9.78E+12,Artificial Intelligence: A Modern Approach,Artificial Intelligence,Pearson,2021,,,BK023,9.78E+12,AI-01-C,,,,T007,Hector Garcia-Molina 
T009,28/06/2026,5/7/2026,5/7/2026,M010,BK006,Good,S005,Returned,0,,,M007,Gabriel Ramos,Student,BSCS,gabriel.ramos@psu.edu.ph,,,,,,,,9.78E+12,Machine Learning,Artificial Intelligence,McGraw-Hill,1997,,,BK022,9.78E+12,AI-01-B,,,,T007,Jeffrey D. Ullman
T010,4/2/2026,25/02/2026,,M018,BK023,Good,S004,Borrowed,0,,,M006,Frances Lim,Student,BSIT,frances.lim@psu.edu.ph,,,,,,,,9.78E+12,PHP & MySQL: Server-side Web Development,Web Development,Wiley,2017,,,BK010,9.78E+12,WEB-02-A,,,,T007,Jennifer Widom
T011,25/02/2026,18/03/2026,25/03/2026,M005,BK022,Good,S002,Overdue,35,,,M011,Kevin Villanueva,Student,BSCS,kevin.villanueva@psu.edu.ph,,,,,,,,9.78E+12,Fundamentals of Database Systems,Database Systems,Pearson,2016,,,BK002,9.78E+12,DB-01-B,,,,T008,David Flanagan
T012,11/4/2026,18/04/2026,19/04/2026,M005,BK010,Needs Repair,S003,Overdue,5,,,M008,Hannah Flores,Student,BSIT,hannah.flores@psu.edu.ph,,,,,,,,9.78E+12,High Performance MySQL,Database Administration,O'Reilly Media,2019,,,BK008,9.78E+12,DBA-02-A,,,,T009,Anthony Molinaro 
T013,17/03/2026,31/03/2026,7/4/2026,M015,BK002,Good,S002,Overdue,35,,,M004,Diana Cruz,Student,BSIT,diana.cruz@psu.edu.ph,,,,,,,,9.78E+12,Design Patterns,Software Engineering,Addison-Wesley,1994,,,BK017,9.78E+12,SE-01-B,,,,T009,Robert de Graaf
T014,19/05/2026,2/6/2026,2/6/2026,M007,BK014,Needs Repair,S001,Returned,0,,,M020,Therese Castillo,Faculty,IS,therese.castillo@psu.edu.ph,,,,,,,,9.78E+12,Python Crash Course,Programming,No Starch Press,2019,,,BK024,9.78E+12,PROG-02-A,,,,T010,Stuart Russell 
T015,16/06/2026,30/06/2026,30/06/2026,M006,BK001,Good,S001,Returned,0,,,M014,Nina Torres,Student,BSIT,nina.torres@psu.edu.ph,,,,,,,,9.78E+12,Learning SQL,SQL,O'Reilly Media,2020,,,BK005,9.78E+12,SQL-01-A,,,,T010,Peter Norvig
T016,5/5/2026,19/05/2026,19/05/2026,M011,BK008,Good,S003,Returned,0,,,M017,Quentin Ramos,Faculty,IT,quentin.ramos@psu.edu.ph,,,,,,,,9.78E+12,Designing Data-Intensive Applications,Data Engineering,O'Reilly Media,2017,,,BK004,9.78E+12,DE-02-A,,,,T011,Tom M. Mitchell
T017,27/06/2026,11/7/2026,11/7/2026,M005,BK010,Good,S003,Returned,0,,,M013,Marco Dela Cruz,Student,BSIS,marco.delacruz@psu.edu.ph,,,,,,,,9.78E+12,C++ Primer,Programming,Addison-Wesley,2019,,,BK015,9.78E+12,PROG-01-B,,,,T012,Jon Duckett
T018,1/3/2026,15/03/2026,,M008,BK017,Good,S001,Borrowed,0,,,M001,Andrei Santos,Student,BSIT,andrei.santos@psu.edu.ph,,,,,,,,9.78E+12,Introduction to Algorithms,Algorithms,MIT Press,2009,,,BK019,9.78E+12,ALG-01-A,,,,T013,Ramez Elmasri 
T019,29/04/2026,13/05/2026,,M004,BK012,Good,S001,Borrowed,0,,,M002,Bianca Reyes,Student,BSIT,bianca.reyes@psu.edu.ph,,,,,,,,9.78E+12,"The Art of Computer Programming, Vol. 1",Algorithms,Addison-Wesley,1997,,,BK020,9.78E+12,ALG-01-B,,,,T013,Shamkant B. Navathe
T020,27/02/2026,13/03/2026,14/03/2026,M012,BK017,Good,S005,Overdue,5,,,M016,Patricia Co,Student,BSIT,patricia.co@psu.edu.ph,,,,,,,,9.78E+12,Fluent Python,Programming,O'Reilly Media,2022,,,BK021,9.78E+12,AI-01-A,,,,T014,Herbert Schildt
T021,7/3/2026,21/03/2026,31/03/2026,M010,BK024,Good,S003,Overdue,50,,,,,,,,,,,,,,,9.78E+12,MySQL Cookbook,MySQL,O'Reilly Media,2014,,,BK025,9.78E+12,PROG-02-B,,,,T015,Hector Garcia-Molina 
T022,2/4/2026,16/04/2026,16/04/2026,M008,BK002,Good,S005,Returned,0,,,,,,,,,,,,,,,9.78E+12,Clean Architecture,Software Engineering,Prentice Hall,2017,,,BK009,9.78E+12,MYSQL-01-A,,,,T015,Jeffrey D. Ullman 
T023,12/6/2026,19/06/2026,26/06/2026,M007,BK002,Good,S004,Overdue,35,,,,,,,,,,,,,,,9.78E+12,PHP and MySQL Web Development,Web Development,Addison-Wesley,2016,,,BK018,9.78E+12,SE-01-C,,,,T015,Jennifer Widom
T024,16/06/2026,23/06/2026,30/06/2026,M020,BK005,Good,S004,Overdue,35,,,,,,,,,,,,,,,9.78E+12,Database Management Systems,Database Systems,McGraw-Hill,2018,,,BK011,9.78E+12,WEB-02-B,,,,T016,Baron Schwartz 
T025,13/06/2026,27/06/2026,30/06/2026,M004,BK023,Good,S001,Overdue,15,,,,,,,,,,,,,,,,,,,,,,BK003,9.78E+12,DB-01-C,,,,T016,Peter Zaitsev 
T026,6/1/2026,20/01/2026,21/01/2026,M014,BK004,Good,S003,Overdue,5,,,,,,,,,,,,,,,,,,,,,,,,,,,,T016,Vadim Tkachenko
T027,20/06/2026,4/7/2026,11/7/2026,M008,BK024,Good,S002,Overdue,35,,,,,,,,,,,,,,,,,,,,,,,,,,,,T017,Jon Duckett
T028,14/01/2026,28/01/2026,7/2/2026,M007,BK015,Good,S002,Overdue,50,,,,,,,,,,,,,,,,,,,,,,,,,,,,T018,Erich Gamma 
T029,5/6/2026,26/06/2026,26/06/2026,M017,BK008,Fair,S001,Returned,0,,,,,,,,,,,,,,,,,,,,,,,,,,,,T018,Richard Helm
T030,6/2/2026,13/02/2026,13/02/2026,M005,BK019,Good,S004,Returned,0,,,,,,,,,,,,,,,,,,,,,,,,,,,,T018,Ralph Johnson 
T031,16/03/2026,30/03/2026,,M020,BK020,Good,S001,Borrowed,0,,,,,,,,,,,,,,,,,,,,,,,,,,,,T018,John Vlissides
T032,20/01/2026,27/01/2026,27/01/2026,M004,BK010,Good,S005,Returned,0,,,,,,,,,,,,,,,,,,,,,,,,,,,,T019,Bruce Lawson 
T033,12/4/2026,26/04/2026,,M013,BK021,Fair,S005,Borrowed,0,,,,,,,,,,,,,,,,,,,,,,,,,,,,T019,Remy Sharp
T034,7/3/2026,21/03/2026,21/03/2026,M011,BK023,Good,S001,Returned,0,,,,,,,,,,,,,,,,,,,,,,,,,,,,T020,Erich Gamma 
T035,16/02/2026,2/3/2026,9/3/2026,M014,BK005,Fair,S005,Overdue,35,,,,,,,,,,,,,,,,,,,,,,,,,,,,T020,Richard Helm 
T036,30/03/2026,6/4/2026,6/4/2026,M001,BK025,Good,S002,Returned,0,,,,,,,,,,,,,,,,,,,,,,,,,,,,T020,Ralph Johnson 
T037,5/6/2026,26/06/2026,29/06/2026,M013,BK005,Fair,S003,Overdue,15,,,,,,,,,,,,,,,,,,,,,,,,,,,,T020,John Vlissides
T038,1/5/2026,15/05/2026,17/05/2026,M020,BK009,Good,S001,Overdue,10,,,,,,,,,,,,,,,,,,,,,,,,,,,,T021,Eric Matthes
T039,5/4/2026,12/4/2026,12/4/2026,M002,BK013,Good,S001,Returned,0,,,,,,,,,,,,,,,,,,,,,,,,,,,,T022,Ramez Elmasri 
T040,22/04/2026,6/5/2026,16/05/2026,M013,BK004,Good,S002,Overdue,50,,,,,,,,,,,,,,,,,,,,,,,,,,,,T022,Shamkant B. Navathe
T041,9/2/2026,23/02/2026,23/02/2026,M020,BK010,Fair,S004,Returned,0,,,,,,,,,,,,,,,,,,,,,,,,,,,,T023,Ramez Elmasri 
T042,18/01/2026,8/2/2026,10/2/2026,M014,BK017,Good,S001,Overdue,10,,,,,,,,,,,,,,,,,,,,,,,,,,,,T023,Shamkant B. Navathe
T043,14/06/2026,28/06/2026,,M016,BK010,Good,S004,Borrowed,0,,,,,,,,,,,,,,,,,,,,,,,,,,,,T024,Alan Beaulieu
T044,28/04/2026,5/5/2026,6/5/2026,M016,BK008,Good,S002,Overdue,5,,,,,,,,,,,,,,,,,,,,,,,,,,,,T025,Stuart Russell 
T045,15/03/2026,29/03/2026,,M018,BK002,Good,S004,Borrowed,0,,,,,,,,,,,,,,,,,,,,,,,,,,,,T025,Peter Norvig
T046,6/7/2026,27/07/2026,6/8/2026,M003,BK018,Good,S002,Overdue,50,,,,,,,,,,,,,,,,,,,,,,,,,,,,T026,Martin Kleppmann
T047,10/4/2026,1/5/2026,1/5/2026,M006,BK023,Good,S001,Returned,0,,,,,,,,,,,,,,,,,,,,,,,,,,,,T027,Eric Matthes
T048,28/05/2026,11/6/2026,12/6/2026,M006,BK017,Good,S002,Overdue,5,,,,,,,,,,,,,,,,,,,,,,,,,,,,T028,Stanley B. Lippman 
T049,11/7/2026,18/07/2026,18/07/2026,M008,BK018,Good,S005,Returned,0,,,,,,,,,,,,,,,,,,,,,,,,,,,,T028,Josée  Lajoie 
T050,11/2/2026,25/02/2026,25/02/2026,M016,BK004,Good,S005,Returned,0,,,,,,,,,,,,,,,,,,,,,,,,,,,,T028,Barbara E. Moo
T051,8/5/2026,15/05/2026,20/05/2026,M006,BK016,Good,S004,Overdue,25,,,,,,,,,,,,,,,,,,,,,,,,,,,,T029,Baron Schwartz 
T052,6/1/2026,20/01/2026,20/01/2026,M009,BK006,Fair,S001,Returned,0,,,,,,,,,,,,,,,,,,,,,,,,,,,,T029,Peter Zaitsev 
T053,8/3/2026,22/03/2026,25/03/2026,M006,BK024,Good,S004,Overdue,15,,,,,,,,,,,,,,,,,,,,,,,,,,,,T029,Vadim Tkachenko
T054,27/03/2026,10/4/2026,10/4/2026,M012,BK023,Good,S004,Returned,0,,,,,,,,,,,,,,,,,,,,,,,,,,,,T030,Thomas H. Cormen 
T055,6/7/2026,13/07/2026,13/07/2026,M014,BK006,Good,S002,Returned,0,,,,,,,,,,,,,,,,,,,,,,,,,,,,T030,Charles E. Leiserson 
T056,29/04/2026,13/05/2026,13/05/2026,M006,BK009,Good,S002,Returned,0,,,,,,,,,,,,,,,,,,,,,,,,,,,,T030,Ronald L. Rivest 
T057,7/1/2026,21/01/2026,21/01/2026,M014,BK022,Good,S004,Returned,0,,,,,,,,,,,,,,,,,,,,,,,,,,,,T030,Clifford Stein
T058,5/4/2026,26/04/2026,26/04/2026,M013,BK002,Good,S005,Returned,0,,,,,,,,,,,,,,,,,,,,,,,,,,,,T031,Donald E. Knuth
T059,5/1/2026,19/01/2026,19/01/2026,M018,BK022,Needs Repair,S003,Returned,0,,,,,,,,,,,,,,,,,,,,,,,,,,,,T032,Jon Duckett
T060,8/5/2026,22/05/2026,22/05/2026,M017,BK007,Good,S005,Returned,0,,,,,,,,,,,,,,,,,,,,,,,,,,,,T033,Stuart Russell 
T061,25/03/2026,8/4/2026,8/4/2026,M015,BK025,Good,S002,Returned,0,,,,,,,,,,,,,,,,,,,,,,,,,,,,T033,Peter Norvig
T062,9/5/2026,16/05/2026,,M002,BK023,Good,S003,Borrowed,0,,,,,,,,,,,,,,,,,,,,,,,,,,,,T034,Stuart Russell 
T063,19/01/2026,26/01/2026,,M019,BK011,Good,S001,Borrowed,0,,,,,,,,,,,,,,,,,,,,,,,,,,,,T034,Peter Norvig
T064,1/3/2026,15/03/2026,,M010,BK008,Good,S003,Borrowed,0,,,,,,,,,,,,,,,,,,,,,,,,,,,,T035,Alan Beaulieu
T065,19/03/2026,2/4/2026,,M005,BK017,Good,S005,Borrowed,0,,,,,,,,,,,,,,,,,,,,,,,,,,,,T036,Luciano Ramalho
T066,12/1/2026,26/01/2026,,M005,BK012,Good,S005,Borrowed,0,,,,,,,,,,,,,,,,,,,,,,,,,,,,T037,Alan Beaulieu
T067,30/05/2026,13/06/2026,,M020,BK010,Good,S003,Borrowed,0,,,,,,,,,,,,,,,,,,,,,,,,,,,,T038,Paul DuBois
T068,26/04/2026,3/5/2026,3/5/2026,M017,BK017,Good,S002,Returned,0,,,,,,,,,,,,,,,,,,,,,,,,,,,,T039,David Flanagan
T069,17/02/2026,24/02/2026,3/3/2026,M008,BK025,Good,S003,Overdue,35,,,,,,,,,,,,,,,,,,,,,,,,,,,,T040,Martin Kleppmann
T070,3/4/2026,10/4/2026,,M018,BK009,Good,S002,Borrowed,0,,,,,,,,,,,,,,,,,,,,,,,,,,,,T041,Jon Duckett
T071,19/03/2026,9/4/2026,9/4/2026,M002,BK017,Good,S001,Returned,0,,,,,,,,,,,,,,,,,,,,,,,,,,,,T042,Erich Gamma
T072,7/7/2026,21/07/2026,,M013,BK013,Good,S004,Borrowed,0,,,,,,,,,,,,,,,,,,,,,,,,,,,,T042,Richard Helm
T073,25/05/2026,8/6/2026,,M004,BK009,Good,S003,Borrowed,0,,,,,,,,,,,,,,,,,,,,,,,,,,,,T042,Ralph Johnson 
T074,3/3/2026,17/03/2026,17/03/2026,M007,BK005,Good,S001,Returned,0,,,,,,,,,,,,,,,,,,,,,,,,,,,,T042,John Vlissides
T075,22/02/2026,8/3/2026,,M017,BK019,Needs Repair,S003,Borrowed,0,,,,,,,,,,,,,,,,,,,,,,,,,,,,T043,Jon Duckett
T076,18/03/2026,1/4/2026,3/4/2026,M015,BK003,Fair,S002,Overdue,10,,,,,,,,,,,,,,,,,,,,,,,,,,,,T044,Baron Schwartz 
T077,29/06/2026,20/07/2026,,M003,BK025,Fair,S002,Borrowed,0,,,,,,,,,,,,,,,,,,,,,,,,,,,,T044,Peter Zaitsev 
T078,4/4/2026,25/04/2026,,M002,BK024,Good,S002,Borrowed,0,,,,,,,,,,,,,,,,,,,,,,,,,,,,T044,Vadim Tkachenko
T079,22/04/2026,13/05/2026,,M002,BK022,Fair,S002,Borrowed,0,,,,,,,,,,,,,,,,,,,,,,,,,,,,T045,Ramez Elmasri 
T080,23/02/2026,9/3/2026,9/3/2026,M018,BK007,Good,S002,Returned,0,,,,,,,,,,,,,,,,,,,,,,,,,,,,T045,Shamkant B. Navathe
T081,30/03/2026,20/04/2026,23/04/2026,M013,BK017,Good,S005,Overdue,15,,,,,,,,,,,,,,,,,,,,,,,,,,,,T046,Robert C. Martin
T082,20/06/2026,4/7/2026,,M014,BK005,Good,S005,Borrowed,0,,,,,,,,,,,,,,,,,,,,,,,,,,,,T047,Stuart Russell 
T083,19/05/2026,9/6/2026,11/6/2026,M006,BK022,Good,S003,Overdue,10,,,,,,,,,,,,,,,,,,,,,,,,,,,,T047,Peter Norvig
T084,3/7/2026,17/07/2026,24/07/2026,M015,BK006,Good,S002,Overdue,35,,,,,,,,,,,,,,,,,,,,,,,,,,,,T048,Erich Gamma 
T085,7/2/2026,21/02/2026,21/02/2026,M020,BK023,Good,S001,Returned,0,,,,,,,,,,,,,,,,,,,,,,,,,,,,T048,Richard Helm 
T086,10/6/2026,24/06/2026,25/06/2026,M002,BK021,Good,S002,Overdue,5,,,,,,,,,,,,,,,,,,,,,,,,,,,,T048,Ralph Johnson 
T087,8/3/2026,22/03/2026,22/03/2026,M012,BK025,Good,S001,Returned,0,,,,,,,,,,,,,,,,,,,,,,,,,,,,T048,John Vlissides
T088,24/01/2026,31/01/2026,,M006,BK009,Good,S005,Borrowed,0,,,,,,,,,,,,,,,,,,,,,,,,,,,,T049,Robert C. Martin
T089,14/06/2026,5/7/2026,,M003,BK003,Fair,S002,Borrowed,0,,,,,,,,,,,,,,,,,,,,,,,,,,,,T050,Martin Kleppmann
T090,14/06/2026,21/06/2026,21/06/2026,M010,BK021,Good,S001,Returned,0,,,,,,,,,,,,,,,,,,,,,,,,,,,,T051,Robert C. Martin
T091,2/2/2026,16/02/2026,16/02/2026,M016,BK014,Good,S003,Returned,0,,,,,,,,,,,,,,,,,,,,,,,,,,,,T052,Anthony Molinaro 
T092,9/7/2026,23/07/2026,23/07/2026,M015,BK019,Good,S005,Returned,0,,,,,,,,,,,,,,,,,,,,,,,,,,,,T052,Robert de Graaf
T093,23/06/2026,30/06/2026,5/7/2026,M014,BK024,Good,S003,Overdue,25,,,,,,,,,,,,,,,,,,,,,,,,,,,,T053,Eric Matthes
T094,7/5/2026,21/05/2026,21/05/2026,M002,BK006,Good,S004,Returned,0,,,,,,,,,,,,,,,,,,,,,,,,,,,,T054,Stuart Russell
T095,16/03/2026,30/03/2026,30/03/2026,M015,BK009,Good,S003,Returned,0,,,,,,,,,,,,,,,,,,,,,,,,,,,,T054,Peter Norvig
T096,20/02/2026,6/3/2026,6/3/2026,M011,BK001,Good,S005,Returned,0,,,,,,,,,,,,,,,,,,,,,,,,,,,,T055,Anthony Molinaro 
T097,19/02/2026,5/3/2026,8/3/2026,M019,BK017,Good,S004,Overdue,15,,,,,,,,,,,,,,,,,,,,,,,,,,,,T055,Robert de Graaf
T098,17/05/2026,24/05/2026,31/05/2026,M012,BK007,Good,S004,Overdue,35,,,,,,,,,,,,,,,,,,,,,,,,,,,,T056,Paul DuBois
T099,9/2/2026,2/3/2026,3/3/2026,M001,BK024,Needs Repair,S003,Overdue,5,,,,,,,,,,,,,,,,,,,,,,,,,,,,T057,Tom M. Mitchell
T100,25/05/2026,1/6/2026,,M010,BK018,Good,S001,Borrowed,0,,,,,,,,,,,,,,,,,,,,,,,,,,,,T058,Ramez Elmasri 
,,,,,,,,,,,,,,,,,,,,,,,,,,,,,,,,,,,,,T058,Shamkant B. Navathe
,,,,,,,,,,,,,,,,,,,,,,,,,,,,,,,,,,,,,T059,Tom M. Mitchell
,,,,,,,,,,,,,,,,,,,,,,,,,,,,,,,,,,,,,T060,Michael J. Hernandez
,,,,,,,,,,,,,,,,,,,,,,,,,,,,,,,,,,,,,T061,Luciano Ramalho
,,,,,,,,,,,,,,,,,,,,,,,,,,,,,,,,,,,,,T062,Stuart Russell
,,,,,,,,,,,,,,,,,,,,,,,,,,,,,,,,,,,,,T062,Peter Norvig
,,,,,,,,,,,,,,,,,,,,,,,,,,,,,,,,,,,,,T063,Luke Welling 
,,,,,,,,,,,,,,,,,,,,,,,,,,,,,,,,,,,,,T063,Laura Thomson
,,,,,,,,,,,,,,,,,,,,,,,,,,,,,,,,,,,,,T064,Baron Schwartz 
,,,,,,,,,,,,,,,,,,,,,,,,,,,,,,,,,,,,,T064,Peter Zaitsev 
,,,,,,,,,,,,,,,,,,,,,,,,,,,,,,,,,,,,,T064,Vadim Tkachenko
,,,,,,,,,,,,,,,,,,,,,,,,,,,,,,,,,,,,,T065,Erich Gamma
,,,,,,,,,,,,,,,,,,,,,,,,,,,,,,,,,,,,,T065,Richard Helm 
,,,,,,,,,,,,,,,,,,,,,,,,,,,,,,,,,,,,,T065,Ralph Johnson 
,,,,,,,,,,,,,,,,,,,,,,,,,,,,,,,,,,,,,T065,John Vlissides
,,,,,,,,,,,,,,,,,,,,,,,,,,,,,,,,,,,,,T066,Bruce Lawson 
,,,,,,,,,,,,,,,,,,,,,,,,,,,,,,,,,,,,,T066,Remy Sharp
,,,,,,,,,,,,,,,,,,,,,,,,,,,,,,,,,,,,,T067,Jon Duckett
,,,,,,,,,,,,,,,,,,,,,,,,,,,,,,,,,,,,,T068,Erich Gamma 
,,,,,,,,,,,,,,,,,,,,,,,,,,,,,,,,,,,,,T068,Richard Helm 
,,,,,,,,,,,,,,,,,,,,,,,,,,,,,,,,,,,,,T068,Ralph Johnson 
,,,,,,,,,,,,,,,,,,,,,,,,,,,,,,,,,,,,,T068,John Vlissides
,,,,,,,,,,,,,,,,,,,,,,,,,,,,,,,,,,,,,T069,Luciano Ramalho
,,,,,,,,,,,,,,,,,,,,,,,,,,,,,,,,,,,,,T070,Paul DuBois
,,,,,,,,,,,,,,,,,,,,,,,,,,,,,,,,,,,,,T071,Erich Gamma 
,,,,,,,,,,,,,,,,,,,,,,,,,,,,,,,,,,,,,T071,Richard Helm 
,,,,,,,,,,,,,,,,,,,,,,,,,,,,,,,,,,,,,T071,Ralph Johnson 
,,,,,,,,,,,,,,,,,,,,,,,,,,,,,,,,,,,,,T071,John Vlissides
,,,,,,,,,,,,,,,,,,,,,,,,,,,,,,,,,,,,,T072,David Flanagan
,,,,,,,,,,,,,,,,,,,,,,,,,,,,,,,,,,,,,T073,Paul DuBois
,,,,,,,,,,,,,,,,,,,,,,,,,,,,,,,,,,,,,T074,Alan Beaulieu
,,,,,,,,,,,,,,,,,,,,,,,,,,,,,,,,,,,,,T075,Thomas H. Cormen 
,,,,,,,,,,,,,,,,,,,,,,,,,,,,,,,,,,,,,T075,Charles E. Leiserson 
,,,,,,,,,,,,,,,,,,,,,,,,,,,,,,,,,,,,,T075,Ronald L. Rivest 
,,,,,,,,,,,,,,,,,,,,,,,,,,,,,,,,,,,,,T075,Clifford Stein
,,,,,,,,,,,,,,,,,,,,,,,,,,,,,,,,,,,,,T076,Raghu Ramakrishnan 
,,,,,,,,,,,,,,,,,,,,,,,,,,,,,,,,,,,,,T076,Johannes Gehrke
,,,,,,,,,,,,,,,,,,,,,,,,,,,,,,,,,,,,,T077,Luciano Ramalho
,,,,,,,,,,,,,,,,,,,,,,,,,,,,,,,,,,,,,T078,Eric Matthes
,,,,,,,,,,,,,,,,,,,,,,,,,,,,,,,,,,,,,T079,Tom M. Mitchell
,,,,,,,,,,,,,,,,,,,,,,,,,,,,,,,,,,,,,T080,Michael J. Hernandez
,,,,,,,,,,,,,,,,,,,,,,,,,,,,,,,,,,,,,T081,Erich Gamma 
,,,,,,,,,,,,,,,,,,,,,,,,,,,,,,,,,,,,,T081,Richard Helm 
,,,,,,,,,,,,,,,,,,,,,,,,,,,,,,,,,,,,,T081,Ralph Johnson 
,,,,,,,,,,,,,,,,,,,,,,,,,,,,,,,,,,,,,T081,John Vlissides
,,,,,,,,,,,,,,,,,,,,,,,,,,,,,,,,,,,,,T082,Alan Beaulieu
,,,,,,,,,,,,,,,,,,,,,,,,,,,,,,,,,,,,,T083,Tom M. Mitchell
,,,,,,,,,,,,,,,,,,,,,,,,,,,,,,,,,,,,,T084,Anthony Molinaro
,,,,,,,,,,,,,,,,,,,,,,,,,,,,,,,,,,,,,T084,Robert de Graaf
,,,,,,,,,,,,,,,,,,,,,,,,,,,,,,,,,,,,,T085,Stuart Russell 
,,,,,,,,,,,,,,,,,,,,,,,,,,,,,,,,,,,,,T085,Peter Norvig
,,,,,,,,,,,,,,,,,,,,,,,,,,,,,,,,,,,,,T086,Stuart Russell
,,,,,,,,,,,,,,,,,,,,,,,,,,,,,,,,,,,,,T086,Peter Norvig
,,,,,,,,,,,,,,,,,,,,,,,,,,,,,,,,,,,,,T087,Luciano Ramalho
,,,,,,,,,,,,,,,,,,,,,,,,,,,,,,,,,,,,,T088,Paul DuBois
,,,,,,,,,,,,,,,,,,,,,,,,,,,,,,,,,,,,,T089,Raghu Ramakrishnan 
,,,,,,,,,,,,,,,,,,,,,,,,,,,,,,,,,,,,,T089,Johannes Gehrke
,,,,,,,,,,,,,,,,,,,,,,,,,,,,,,,,,,,,,T090,Stuart Russell 
,,,,,,,,,,,,,,,,,,,,,,,,,,,,,,,,,,,,,T090,Peter Norvig
,,,,,,,,,,,,,,,,,,,,,,,,,,,,,,,,,,,,,T091,Herbert Schildt
,,,,,,,,,,,,,,,,,,,,,,,,,,,,,,,,,,,,,T092,Thomas H. Cormen 
,,,,,,,,,,,,,,,,,,,,,,,,,,,,,,,,,,,,,T092,Charles E. Leiserson
,,,,,,,,,,,,,,,,,,,,,,,,,,,,,,,,,,,,,T092,Ronald L. Rivest
,,,,,,,,,,,,,,,,,,,,,,,,,,,,,,,,,,,,,T092,Clifford Stein
,,,,,,,,,,,,,,,,,,,,,,,,,,,,,,,,,,,,,T093,Eric Matthes
,,,,,,,,,,,,,,,,,,,,,,,,,,,,,,,,,,,,,T094,Anthony Molinaro 
,,,,,,,,,,,,,,,,,,,,,,,,,,,,,,,,,,,,,T094,Robert de Graaf
,,,,,,,,,,,,,,,,,,,,,,,,,,,,,,,,,,,,,T095,Paul DuBois
,,,,,,,,,,,,,,,,,,,,,,,,,,,,,,,,,,,,,T096,Hector Garcia-Molina 
,,,,,,,,,,,,,,,,,,,,,,,,,,,,,,,,,,,,,T096,Jeffrey D. Ullman 
,,,,,,,,,,,,,,,,,,,,,,,,,,,,,,,,,,,,,T096,Jennifer Widom
,,,,,,,,,,,,,,,,,,,,,,,,,,,,,,,,,,,,,T097,Erich Gamma 
,,,,,,,,,,,,,,,,,,,,,,,,,,,,,,,,,,,,,T097,Richard Helm 
,,,,,,,,,,,,,,,,,,,,,,,,,,,,,,,,,,,,,T097,Ralph Johnson
,,,,,,,,,,,,,,,,,,,,,,,,,,,,,,,,,,,,,T097,John Vlissides
,,,,,,,,,,,,,,,,,,,,,,,,,,,,,,,,,,,,,T098,Michael J. Hernandez
,,,,,,,,,,,,,,,,,,,,,,,,,,,,,,,,,,,,,T099,Eric Matthes
,,,,,,,,,,,,,,,,,,,,,,,,,,,,,,,,,,,,,T100,Robert C. Martin
